{"cameraMode":{"drawMode":0,"name":"Shaded","section":"Shading Mode"},"sceneLighting":false,"audioPlay":false,"sceneViewState":{"m_AlwaysRefresh":false,"showFog":true,"showSkybox":true,"showFlares":true,"showImageEffects":true,"showParticleSystems":true,"showVisualEffectGraphs":true,"m_FxEnabled":true},"in2DMode":false,"pivot":{"x":0.07424342632293701,"y":8.278316497802735,"z":0.1247711181640625},"rotation":{"x":-0.3296937346458435,"y":-0.011049829423427582,"z":0.003859468037262559,"w":-0.944022536277771},"size":18.289718627929689,"orthographic":false}